<!-- Animations -->
<animations>
	
	<BARBARIAN>

		<name value = "0" /> <!-- Barbarian -->

		<IDLE> <!-- Idle -->
			<name value = "0"  />
			<UP> <!-- Up 0-->
				<values name = "0" x ="" y = "" w = "" h = "" frameNumber = "" margin = "" pivot_x = "" pivot_y = ""/>
			</UP>

			<UP_RIGHT> <!-- UP_RIGHT 1-->
				<values name = "1" x ="" y = "" w = "" h = "" frameNumber = "" margin = "" pivot_x = "" pivot_y = ""/>
			</UP_RIGHT>

			<RIGHT> <!-- RIGHT 2-->
				<values name = "2" x ="" y = "" w = "" h = "" frameNumber = "" margin = "" pivot_x = "" pivot_y = ""/>
			</RIGHT>

			<DOWN_RIGHT> <!-- DOWN_RIGHT 3-->
				<values name = "3" x ="" y = "" w = "" h = "" frameNumber = "" margin = "" pivot_x = "" pivot_y = ""/>
			</DOWN_RIGHT>

			<DOWN> <!-- DOWN 4-->
				<values name = "4" x ="" y = "" w = "" h = "" frameNumber = "" margin = "" pivot_x = "" pivot_y = ""/>
			</DOWN>

			<DOWN_LEFT> <!-- DOWN_LEFT 5-->
				<values name = "5" x ="" y = "" w = "" h = "" frameNumber = "" margin = "" pivot_x = "" pivot_y = ""/>
			</DOWN_LEFT>

			<LEFT> <!-- LEFT 6-->
				<values name = "6" x ="" y = "" w = "" h = "" frameNumber = "" margin = "" pivot_x = "" pivot_y = ""/>
			</LEFT>

			<UP_LEFT> <!-- UP_LEFT 7-->
				<values name = "7" x ="" y = "" w = "" h = "" frameNumber = "" margin = "" pivot_x = "" pivot_y = ""/>
			</UP_LEFT>
			
			<loop value = "" />

		</IDLE>

		<WALK> <!-- Walk 1-->

			<name value = "1"  />
			<UP> <!-- Up 0-->
				<values name = "0" x ="" y = "" w = "" h = "" frameNumber = "" margin = "" pivot_x = "" pivot_y = ""/>
			</UP>

			<UP_RIGHT> <!-- UP_RIGHT 1-->
				<values name = "1" x ="" y = "" w = "" h = "" frameNumber = "" margin = "" pivot_x = "" pivot_y = ""/>
			</UP_RIGHT>

			<RIGHT> <!-- RIGHT 2-->
				<values name = "2" x ="" y = "" w = "" h = "" frameNumber = "" margin = "" pivot_x = "" pivot_y = ""/>
			</RIGHT>

			<DOWN_RIGHT> <!-- DOWN_RIGHT 3-->
				<values name = "3" x ="" y = "" w = "" h = "" frameNumber = "" margin = "" pivot_x = "" pivot_y = ""/>
			</DOWN_RIGHT>

			<DOWN> <!-- DOWN 4-->
				<values name = "4" x ="" y = "" w = "" h = "" frameNumber = "" margin = "" pivot_x = "" pivot_y = ""/>
			</DOWN>

			<DOWN_LEFT> <!-- DOWN_LEFT 5-->
				<values name = "5" x ="" y = "" w = "" h = "" frameNumber = "" margin = "" pivot_x = "" pivot_y = ""/>
			</DOWN_LEFT>

			<LEFT> <!-- LEFT 6-->
				<values name = "6" x ="" y = "" w = "" h = "" frameNumber = "" margin = "" pivot_x = "" pivot_y = ""/>
			</LEFT>

			<UP_LEFT> <!-- UP_LEFT 7-->
				<values name = "7" x ="" y = "" w = "" h = "" frameNumber = "" margin = "" pivot_x = "" pivot_y = ""/>
			</UP_LEFT>
			
			<loop value = "" />

		</WALK>

		<BASIC_ATTACK> <!-- Basic attack 2-->

			<name value = "2"  />
			<UP> <!-- Up 0-->
				<values name = "0" x ="" y = "" w = "" h = "" frameNumber = "" margin = "" pivot_x = "" pivot_y = ""/>
			</UP>

			<UP_RIGHT> <!-- UP_RIGHT 1-->
				<values name = "1" x ="" y = "" w = "" h = "" frameNumber = "" margin = "" pivot_x = "" pivot_y = ""/>
			</UP_RIGHT>

			<RIGHT> <!-- RIGHT 2-->
				<values name = "2" x ="" y = "" w = "" h = "" frameNumber = "" margin = "" pivot_x = "" pivot_y = ""/>
			</RIGHT>

			<DOWN_RIGHT> <!-- DOWN_RIGHT 3-->
				<values name = "3" x ="" y = "" w = "" h = "" frameNumber = "" margin = "" pivot_x = "" pivot_y = ""/>
			</DOWN_RIGHT>

			<DOWN> <!-- DOWN 4-->
				<values name = "4" x ="" y = "" w = "" h = "" frameNumber = "" margin = "" pivot_x = "" pivot_y = ""/>
			</DOWN>

			<DOWN_LEFT> <!-- DOWN_LEFT 5-->
				<values name = "5" x ="" y = "" w = "" h = "" frameNumber = "" margin = "" pivot_x = "" pivot_y = ""/>
			</DOWN_LEFT>

			<LEFT> <!-- LEFT 6-->
				<values name = "6" x ="" y = "" w = "" h = "" frameNumber = "" margin = "" pivot_x = "" pivot_y = ""/>
			</LEFT>

			<UP_LEFT> <!-- UP_LEFT 7-->
				<values name = "7" x ="" y = "" w = "" h = "" frameNumber = "" margin = "" pivot_x = "" pivot_y = ""/>
			</UP_LEFT>
			
			<loop value = "" />

		</BASIC_ATTACK>

	</BARBARIAN>

	<PALADIN>

		<name value = "3" /> <!-- Paladin -->

		<IDLE> <!-- Idle -->
				<name value = "0"  />
			<UP> <!-- Up 0-->
				<values name = "0" x ="" y = "" w = "" h = "" frameNumber = "" margin = "" pivot_x = "" pivot_y = ""/>
			</UP>

			<UP_RIGHT> <!-- UP_RIGHT 1-->
				<values name = "1" x ="" y = "" w = "" h = "" frameNumber = "" margin = "" pivot_x = "" pivot_y = ""/>
			</UP_RIGHT>

			<RIGHT> <!-- RIGHT 2-->
				<values name = "2" x ="" y = "" w = "" h = "" frameNumber = "" margin = "" pivot_x = "" pivot_y = ""/>
			</RIGHT>

			<DOWN_RIGHT> <!-- DOWN_RIGHT 3-->
				<values name = "3" x ="" y = "" w = "" h = "" frameNumber = "" margin = "" pivot_x = "" pivot_y = ""/>
			</DOWN_RIGHT>

			<DOWN> <!-- DOWN 4-->
				<values name = "4" x ="" y = "" w = "" h = "" frameNumber = "" margin = "" pivot_x = "" pivot_y = ""/>
			</DOWN>

			<DOWN_LEFT> <!-- DOWN_LEFT 5-->
				<values name = "5" x ="" y = "" w = "" h = "" frameNumber = "" margin = "" pivot_x = "" pivot_y = ""/>
			</DOWN_LEFT>

			<LEFT> <!-- LEFT 6-->
				<values name = "6" x ="" y = "" w = "" h = "" frameNumber = "" margin = "" pivot_x = "" pivot_y = ""/>
			</LEFT>

			<UP_LEFT> <!-- UP_LEFT 7-->
				<values name = "7" x ="" y = "" w = "" h = "" frameNumber = "" margin = "" pivot_x = "" pivot_y = ""/>
			</UP_LEFT>
			
			<loop value = "" />

		</IDLE>

		<WALK> <!-- Walk 1-->

			<name value = "1"  />
			<UP> <!-- Up 0-->
				<values name = "0" x ="" y = "" w = "" h = "" frameNumber = "" margin = "" pivot_x = "" pivot_y = ""/>
			</UP>

			<UP_RIGHT> <!-- UP_RIGHT 1-->
				<values name = "1" x ="" y = "" w = "" h = "" frameNumber = "" margin = "" pivot_x = "" pivot_y = ""/>
			</UP_RIGHT>

			<RIGHT> <!-- RIGHT 2-->
				<values name = "2" x ="" y = "" w = "" h = "" frameNumber = "" margin = "" pivot_x = "" pivot_y = ""/>
			</RIGHT>

			<DOWN_RIGHT> <!-- DOWN_RIGHT 3-->
				<values name = "3" x ="" y = "" w = "" h = "" frameNumber = "" margin = "" pivot_x = "" pivot_y = ""/>
			</DOWN_RIGHT>

			<DOWN> <!-- DOWN 4-->
				<values name = "4" x ="" y = "" w = "" h = "" frameNumber = "" margin = "" pivot_x = "" pivot_y = ""/>
			</DOWN>

			<DOWN_LEFT> <!-- DOWN_LEFT 5-->
				<values name = "5" x ="" y = "" w = "" h = "" frameNumber = "" margin = "" pivot_x = "" pivot_y = ""/>
			</DOWN_LEFT>

			<LEFT> <!-- LEFT 6-->
				<values name = "6" x ="" y = "" w = "" h = "" frameNumber = "" margin = "" pivot_x = "" pivot_y = ""/>
			</LEFT>

			<UP_LEFT> <!-- UP_LEFT 7-->
				<values name = "7" x ="" y = "" w = "" h = "" frameNumber = "" margin = "" pivot_x = "" pivot_y = ""/>
			</UP_LEFT>
			
			<loop value = "" />

		</WALK>

		<BASIC_ATTACK> <!-- Basic attack 2-->

			<name value = "2"  />
			<UP> <!-- Up 0-->
				<values name = "0" x ="" y = "" w = "" h = "" frameNumber = "" margin = "" pivot_x = "" pivot_y = ""/>
			</UP>

			<UP_RIGHT> <!-- UP_RIGHT 1-->
				<values name = "1" x ="" y = "" w = "" h = "" frameNumber = "" margin = "" pivot_x = "" pivot_y = ""/>
			</UP_RIGHT>

			<RIGHT> <!-- RIGHT 2-->
				<values name = "2" x ="" y = "" w = "" h = "" frameNumber = "" margin = "" pivot_x = "" pivot_y = ""/>
			</RIGHT>

			<DOWN_RIGHT> <!-- DOWN_RIGHT 3-->
				<values name = "3" x ="" y = "" w = "" h = "" frameNumber = "" margin = "" pivot_x = "" pivot_y = ""/>
			</DOWN_RIGHT>

			<DOWN> <!-- DOWN 4-->
				<values name = "4" x ="" y = "" w = "" h = "" frameNumber = "" margin = "" pivot_x = "" pivot_y = ""/>
			</DOWN>

			<DOWN_LEFT> <!-- DOWN_LEFT 5-->
				<values name = "5" x ="" y = "" w = "" h = "" frameNumber = "" margin = "" pivot_x = "" pivot_y = ""/>
			</DOWN_LEFT>

			<LEFT> <!-- LEFT 6-->
				<values name = "6" x ="" y = "" w = "" h = "" frameNumber = "" margin = "" pivot_x = "" pivot_y = ""/>
			</LEFT>

			<UP_LEFT> <!-- UP_LEFT 7-->
				<values name = "7" x ="" y = "" w = "" h = "" frameNumber = "" margin = "" pivot_x = "" pivot_y = ""/>
			</UP_LEFT>
			
			<loop value = "" />

		</BASIC_ATTACK>	

	</PALADIN>

</animations>
