<!-- Enemies Animations -->
<animations>
	
	<IZUAL>

		<name value = "0" /> <!-- Paladin -->

		<IDLE> <!-- Idle -->
			
			<name value = "0"  />
			
			<UP> <!-- Up 0-->
				<values name = "0" x ="0" y = "512" w = "128" h = "128" frameNumber = "6" margin = "" pivot_x = "75" pivot_y = "110"/>
			</UP>

			<UP_RIGHT> <!-- UP_RIGHT 1-->
				<values name = "1" x ="0" y = "640" w = "128" h = "128" frameNumber = "6" margin = "" pivot_x = "63" pivot_y = "110"/>
			</UP_RIGHT>

			<RIGHT> <!-- RIGHT 2-->
				<values name = "2" x ="0" y = "768" w = "128" h = "128" frameNumber = "6" margin = "" pivot_x = "55" pivot_y = "110"/>
			</RIGHT>

			<DOWN_RIGHT> <!-- DOWN_RIGHT 3-->
				<values name = "3" x ="0" y = "896" w = "128" h = "128" frameNumber = "6" margin = "" pivot_x = "45" pivot_y = "100"/>
			</DOWN_RIGHT>

			<DOWN> <!-- DOWN 4-->
				<values name = "4" x ="0" y = "0" w = "128" h = "128" frameNumber = "6" margin = "" pivot_x = "55" pivot_y = "90"/>
			</DOWN>

			<DOWN_LEFT> <!-- DOWN_LEFT 5-->
				<values name = "5" x ="0" y = "128" w = "128" h = "128" frameNumber = "6" margin = "" pivot_x = "55" pivot_y = "90"/>
			</DOWN_LEFT>

			<LEFT> <!-- LEFT 6-->
				<values name = "6" x ="0" y = "256" w = "128" h = "128" frameNumber = "6" margin = "" pivot_x = "68" pivot_y = "90"/>
			</LEFT>

			<UP_LEFT> <!-- UP_LEFT 7-->
				<values name = "7" x ="0" y = "384" w = "128" h = "128" frameNumber = "6" margin = "" pivot_x = "75" pivot_y = "95"/>
			</UP_LEFT>
					
			<loop value = "1" />

			<speed value = "0.15" />

		</IDLE>

		<WALK> <!-- Walk 1-->
			<name value = "1"  />

			<UP> <!-- Up 0-->
				<values name = "0" x ="0" y = "1536" w = "128" h = "128" frameNumber = "8" margin = "" pivot_x = "70" pivot_y = "100"/>
			</UP>

			<UP_RIGHT> <!-- UP_RIGHT 1-->
				<values name = "1" x ="0" y = "1664" w = "128" h = "128" frameNumber = "8" margin = "" pivot_x = "63" pivot_y = "100"/>
			</UP_RIGHT>

			<RIGHT> <!-- RIGHT 2-->
				<values name = "2" x ="0" y = "1792" w = "128" h = "128" frameNumber = "8" margin = "" pivot_x = "53" pivot_y = "105"/>
			</RIGHT>

			<DOWN_RIGHT> <!-- DOWN_RIGHT 3-->
				<values name = "3" x ="0" y = "1920" w = "128" h = "128" frameNumber = "8" margin = "" pivot_x = "50" pivot_y = "90"/>
			</DOWN_RIGHT>

			<DOWN> <!-- DOWN 4-->
				<values name = "4" x ="0" y = "1024" w = "128" h = "128" frameNumber = "8" margin = "" pivot_x = "50" pivot_y = "100"/>
			</DOWN>

			<DOWN_LEFT> <!-- DOWN_LEFT 5-->
				<values name = "5" x ="0" y = "1152" w = "128" h = "128" frameNumber = "8" margin = "" pivot_x = "59" pivot_y = "100"/>
			</DOWN_LEFT>

			<LEFT> <!-- LEFT 6-->
				<values name = "6" x ="0" y = "1280" w = "128" h = "128" frameNumber = "8" margin = "" pivot_x = "59" pivot_y = "80"/>
			</LEFT>

			<UP_LEFT> <!-- UP_LEFT 7-->
			<values name = "7" x ="0" y = "1408" w = "128" h = "128" frameNumber = "8" margin = "" pivot_x = "63" pivot_y = "80"/>
			</UP_LEFT>
					
			<loop value = "1" />

			<speed value = "0.3" />

		</WALK>

		<BASIC_ATTACK> <!-- Basic attack 2-->
			<name value = "2"  />

			<UP> <!-- Up 0-->
				<values name = "0" x ="0" y = "2560" w = "128" h = "128" frameNumber = "8" margin = "" pivot_x = "63" pivot_y = "96"/>
			</UP>

			<UP_RIGHT> <!-- UP_RIGHT 1-->
				<values name = "1" x ="0" y = "2688" w = "128" h = "128" frameNumber = "8" margin = "" pivot_x = "63" pivot_y = "96"/>
			</UP_RIGHT>

			<RIGHT> <!-- RIGHT 2-->
				<values name = "2" x ="0" y = "2816" w = "128" h = "128" frameNumber = "8" margin = "" pivot_x = "63" pivot_y = "96"/>
			</RIGHT>

			<DOWN_RIGHT> <!-- DOWN_RIGHT 3-->
				<values name = "3" x ="0" y = "2944" w = "128" h = "128" frameNumber = "8" margin = "" pivot_x = "63" pivot_y = "96"/>
			</DOWN_RIGHT>

			<DOWN> <!-- DOWN 4-->
				<values name = "4" x ="0" y = "2048" w = "128" h = "128" frameNumber = "8" margin = "" pivot_x = "63" pivot_y = "96"/>
			</DOWN>

			<DOWN_LEFT> <!-- DOWN_LEFT 5-->
				<values name = "5" x ="0" y = "2176" w = "128" h = "128" frameNumber = "8" margin = "" pivot_x = "63" pivot_y = "96"/>
			</DOWN_LEFT>

			<LEFT> <!-- LEFT 6-->
				<values name = "6" x ="0" y = "2304" w = "128" h = "128" frameNumber = "8" margin = "" pivot_x = "63" pivot_y = "96"/>
			</LEFT>

			<UP_LEFT> <!-- UP_LEFT 7-->
				<values name = "7" x ="0" y = "2432" w = "128" h = "128" frameNumber = "8" margin = "" pivot_x = "63" pivot_y = "96"/>
			</UP_LEFT>
					
			<loop value = "0" />

			<speed value = "0.3" />

		</BASIC_ATTACK>

		<DEATH>
			<name value = "3"  />
			
			<UP> <!-- Up 0-->
				<values name = "0" x ="0" y = "5120" w = "256" h = "256" frameNumber = "10" margin = "" pivot_x = "140" pivot_y = "155"/>
			</UP>

			<UP_RIGHT> <!-- UP_RIGHT 1-->
				<values name = "1" x ="0" y = "5376" w = "256" h = "256" frameNumber = "10" margin = "" pivot_x = "140" pivot_y = "155"/>
			</UP_RIGHT>

			<RIGHT> <!-- RIGHT 2-->
				<values name = "2" x ="0" y = "5632 " w = "256" h = "256" frameNumber = "10" margin = "" pivot_x = "140" pivot_y = "165"/>
			</RIGHT>

			<DOWN_RIGHT> <!-- DOWN_RIGHT 3-->
				<values name = "3" x ="0" y = "5888 " w = "256" h = "256" frameNumber = "10" margin = "" pivot_x = "140" pivot_y = "155"/>
			</DOWN_RIGHT>

			<DOWN> <!-- DOWN 4-->
				<values name = "4" x ="0" y = "4096 " w = "256" h = "256" frameNumber = "10" margin = "" pivot_x = "120" pivot_y = "160"/>
			</DOWN>

			<DOWN_LEFT> <!-- DOWN_LEFT 5-->
				<values name = "5" x ="0" y = "4352" w = "256" h = "256" frameNumber = "10" margin = "" pivot_x = "130" pivot_y = "150"/>
			</DOWN_LEFT>

			<LEFT> <!-- LEFT 6-->
				<values name = "6" x ="0" y = "4608" w = "256" h = "256" frameNumber = "10" margin = "" pivot_x = "150" pivot_y = "140"/>
			</LEFT>

			<UP_LEFT> <!-- UP_LEFT 7-->
				<values name = "7" x ="0" y = "4864" w = "256" h = "256" frameNumber = "10" margin = "" pivot_x = "160" pivot_y = "140"/>
			</UP_LEFT>
					
			<loop value = "0" />

			<speed value = "0.15" />
		
		</DEATH>

		<GET_HIT>
			<name value = "4"  />
			
			<UP> <!-- Up 0-->
				<values name = "0" x ="0" y = "3584" w = "128" h = "128" frameNumber = "6" margin = "" pivot_x = "70" pivot_y = "110"/>
			</UP>

			<UP_RIGHT> <!-- UP_RIGHT 1-->
				<values name = "1" x ="0" y = "3712" w = "128" h = "128" frameNumber = "6" margin = "" pivot_x = "60" pivot_y = "100"/>
			</UP_RIGHT>

			<RIGHT> <!-- RIGHT 2-->
				<values name = "2" x ="0" y = "3840" w = "128" h = "128" frameNumber = "6" margin = "" pivot_x = "40" pivot_y = "100"/>
			</RIGHT>

			<DOWN_RIGHT> <!-- DOWN_RIGHT 3-->
				<values name = "3" x ="0" y = "3968" w = "128" h = "128" frameNumber = "6" margin = "" pivot_x = "40" pivot_y = "90"/>
			</DOWN_RIGHT>

			<DOWN> <!-- DOWN 4-->
				<values name = "4" x ="0" y = "3072" w = "128" h = "128" frameNumber = "6" margin = "" pivot_x = "50" pivot_y = "90"/>
			</DOWN>

			<DOWN_LEFT> <!-- DOWN_LEFT 5-->
				<values name = "5" x ="0" y = "3200" w = "128" h = "128" frameNumber = "6" margin = "" pivot_x = "60" pivot_y = "90"/>
			</DOWN_LEFT>

			<LEFT> <!-- LEFT 6-->
				<values name = "6" x ="0" y = "3328" w = "128" h = "128" frameNumber = "6" margin = "" pivot_x = "70" pivot_y = "100"/>
			</LEFT>

			<UP_LEFT> <!-- UP_LEFT 7-->
				<values name = "7" x ="0" y = "3456" w = "128" h = "128" frameNumber = "6" margin = "" pivot_x = "70" pivot_y = "110"/>
			</UP_LEFT>
					
			<loop value = "0" />

			<speed value = "0.15" />
		
		</GET_HIT>

	</IZUAL>

</animations>