<!-- Enemies Animations -->
<animations>
	
	<PALADIN>

		<name value = "0" /> <!-- Paladin -->

		<IDLE> <!-- Idle -->
			<name value = "0"  />
			<UP> <!-- Up 0-->
				<values name = "0" x ="0" y = "512" w = "64" h = "128" frameNumber = "16" margin = "" pivot_x = "32" pivot_y = "105"/>
			</UP>

			<UP_RIGHT> <!-- UP_RIGHT 1-->
				<values name = "1" x ="0" y = "640" w = "64" h = "128" frameNumber = "16" margin = "" pivot_x = "27" pivot_y = "95"/>
			</UP_RIGHT>

			<RIGHT> <!-- RIGHT 2-->
				<values name = "2" x ="0" y = "768" w = "64" h = "128" frameNumber = "16" margin = "" pivot_x = "30" pivot_y = "98"/>
			</RIGHT>

			<DOWN_RIGHT> <!-- DOWN_RIGHT 3-->
				<values name = "3" x ="0" y = "896" w = "64" h = "128" frameNumber = "16" margin = "" pivot_x = "30" pivot_y = "100"/>
			</DOWN_RIGHT>

			<DOWN> <!-- DOWN 4-->
				<values name = "4" x ="0" y = "0" w = "64" h = "128" frameNumber = "16" margin = "" pivot_x = "33" pivot_y = "100"/>
			</DOWN>

			<DOWN_LEFT> <!-- DOWN_LEFT 5-->
				<values name = "5" x ="0" y = "128" w = "64" h = "128" frameNumber = "16" margin = "" pivot_x = "30" pivot_y = "100"/>
			</DOWN_LEFT>

			<LEFT> <!-- LEFT 6-->
				<values name = "6" x ="0" y = "256" w = "64" h = "128" frameNumber = "16" margin = "" pivot_x = "30" pivot_y = "95"/>
			</LEFT>

			<UP_LEFT> <!-- UP_LEFT 7-->
				<values name = "7" x ="0" y = "384" w = "64" h = "128" frameNumber = "16" margin = "" pivot_x = "35" pivot_y = "97"/>
			</UP_LEFT>
					
			<loop value = "1" />

			<speed value = "0.15" />

		</IDLE>

		<WALK> <!-- Walk 1-->
			<name value = "1"  />

			<UP> <!-- Up 0-->
				<values name = "0" x ="0" y = "1536" w = "128" h = "128" frameNumber = "10" margin = "" pivot_x = "63" pivot_y = "98"/>
			</UP>

			<UP_RIGHT> <!-- UP_RIGHT 1-->
				<values name = "1" x ="0" y = "1664" w = "128" h = "128" frameNumber = "10" margin = "" pivot_x = "63" pivot_y = "96"/>
			</UP_RIGHT>

			<RIGHT> <!-- RIGHT 2-->
				<values name = "2" x ="0" y = "1792" w = "128" h = "128" frameNumber = "10" margin = "" pivot_x = "69" pivot_y = "92"/>
			</RIGHT>

			<DOWN_RIGHT> <!-- DOWN_RIGHT 3-->
				<values name = "3" x ="0" y = "1920" w = "128" h = "128" frameNumber = "10" margin = "" pivot_x = "69" pivot_y = "92"/>
			</DOWN_RIGHT>

			<DOWN> <!-- DOWN 4-->
				<values name = "4" x ="0" y = "1024" w = "128" h = "128" frameNumber = "10" margin = "" pivot_x = "63" pivot_y = "90"/>
			</DOWN>

			<DOWN_LEFT> <!-- DOWN_LEFT 5-->
				<values name = "5" x ="0" y = "1152" w = "128" h = "128" frameNumber = "10" margin = "" pivot_x = "63" pivot_y = "80"/>
			</DOWN_LEFT>

			<LEFT> <!-- LEFT 6-->
				<values name = "6" x ="0" y = "1280" w = "128" h = "128" frameNumber = "10" margin = "" pivot_x = "63" pivot_y = "87"/>
			</LEFT>

			<UP_LEFT> <!-- UP_LEFT 7-->
				<values name = "7" x ="0" y = "1408" w = "128" h = "128" frameNumber = "10" margin = "" pivot_x = "63" pivot_y = "80"/>
			</UP_LEFT>
					
			<loop value = "1" />

			<speed value = "0.3" />

		</WALK>

		<BASIC_ATTACK> <!-- Basic attack 2-->
			<name value = "2"  />

			<UP> <!-- Up 0-->
				<values name = "0" x ="0" y = "3584" w = "128" h = "128" frameNumber = "15" margin = "" pivot_x = "70" pivot_y = "96"/>
			</UP>

			<UP_RIGHT> <!-- UP_RIGHT 1-->
				<values name = "1" x ="0" y = "3712" w = "128" h = "128" frameNumber = "15" margin = "" pivot_x = "62" pivot_y = "96"/>
			</UP_RIGHT>

			<RIGHT> <!-- RIGHT 2-->
				<values name = "2" x ="0" y = "3840" w = "128" h = "128" frameNumber = "15" margin = "" pivot_x = "57" pivot_y = "92"/>
			</RIGHT>

			<DOWN_RIGHT> <!-- DOWN_RIGHT 3-->
				<values name = "3" x ="0" y = "3968" w = "128" h = "128" frameNumber = "15" margin = "" pivot_x = "55" pivot_y = "92"/>
			</DOWN_RIGHT>

			<DOWN> <!-- DOWN 4-->
				<values name = "4" x ="0" y = "3072" w = "128" h = "128" frameNumber = "15" margin = "" pivot_x = "60" pivot_y = "90"/>
			</DOWN>

			<DOWN_LEFT> <!-- DOWN_LEFT 5-->
				<values name = "5" x ="0" y = "3200" w = "128" h = "128" frameNumber = "15" margin = "" pivot_x = "60" pivot_y = "100"/>
			</DOWN_LEFT>

			<LEFT> <!-- LEFT 6-->
				<values name = "6" x ="0" y = "3328" w = "128" h = "128" frameNumber = "15" margin = "" pivot_x = "70" pivot_y = "95"/>
			</LEFT>

			<UP_LEFT> <!-- UP_LEFT 7-->
				<values name = "7" x ="0" y = "3456" w = "128" h = "128" frameNumber = "15" margin = "" pivot_x = "70" pivot_y = "97"/>
			</UP_LEFT>
					
			<loop value = "0" />

			<speed value = "0.3" />

		</BASIC_ATTACK>

		<DEATH>
			<name value = "3"  />
			
			<UP> <!-- Up 0-->
				<values name = "0" x ="0" y = "4096" w = "128" h = "128" frameNumber = "7" margin = "" pivot_x = "55" pivot_y = "55"/>
			</UP>

			<UP_RIGHT> <!-- UP_RIGHT 1-->
				<values name = "1" x ="0" y = "4096" w = "128" h = "128" frameNumber = "7" margin = "" pivot_x = "55" pivot_y = "55"/>
			</UP_RIGHT>

			<RIGHT> <!-- RIGHT 2-->
				<values name = "2" x ="0" y = "4096" w = "128" h = "128" frameNumber = "7" margin = "" pivot_x = "55" pivot_y = "55"/>
			</RIGHT>

			<DOWN_RIGHT> <!-- DOWN_RIGHT 3-->
				<values name = "3" x ="0" y = "4096" w = "128" h = "128" frameNumber = "7" margin = "" pivot_x = "55" pivot_y = "55"/>
			</DOWN_RIGHT>

			<DOWN> <!-- DOWN 4-->
				<values name = "4" x ="0" y = "4096" w = "128" h = "128" frameNumber = "7" margin = "" pivot_x = "55" pivot_y = "55"/>
			</DOWN>

			<DOWN_LEFT> <!-- DOWN_LEFT 5-->
				<values name = "5" x ="0" y = "4096" w = "128" h = "128" frameNumber = "7" margin = "" pivot_x = "55" pivot_y = "55"/>
			</DOWN_LEFT>

			<LEFT> <!-- LEFT 6-->
				<values name = "6" x ="0" y = "4096" w = "128" h = "128" frameNumber = "7" margin = "" pivot_x = "55" pivot_y = "55"/>
			</LEFT>

			<UP_LEFT> <!-- UP_LEFT 7-->
				<values name = "7" x ="0" y = "4096" w = "128" h = "128" frameNumber = "7" margin = "" pivot_x = "55" pivot_y = "55"/>
			</UP_LEFT>
					
			<loop value = "0" />

			<speed value = "0.15" />
		
		</DEATH>

		<GET_HIT>
			<name value = "4"  />
			
			<UP> <!-- Up 0-->
				<values name = "0" x ="0" y = "2560" w = "128" h = "128" frameNumber = "5" margin = "" pivot_x = "63" pivot_y = "80"/>
			</UP>

			<UP_RIGHT> <!-- UP_RIGHT 1-->
				<values name = "1" x ="0" y = "2688" w = "128" h = "128" frameNumber = "5" margin = "" pivot_x = "65" pivot_y = "80"/>
			</UP_RIGHT>

			<RIGHT> <!-- RIGHT 2-->
				<values name = "2" x ="0" y = "2816" w = "128" h = "128" frameNumber = "5" margin = "" pivot_x = "70" pivot_y = "80"/>
			</RIGHT>

			<DOWN_RIGHT> <!-- DOWN_RIGHT 3-->
				<values name = "3" x ="0" y = "2944" w = "128" h = "128" frameNumber = "5" margin = "" pivot_x = "70" pivot_y = "80"/>
			</DOWN_RIGHT>

			<DOWN> <!-- DOWN 4-->
				<values name = "4" x ="0" y = "2048" w = "128" h = "128" frameNumber = "5" margin = "" pivot_x = "63" pivot_y = "80"/>
			</DOWN>

			<DOWN_LEFT> <!-- DOWN_LEFT 5-->
				<values name = "5" x ="0" y = "2176" w = "128" h = "128" frameNumber = "5" margin = "" pivot_x = "63" pivot_y = "80"/>
			</DOWN_LEFT>

			<LEFT> <!-- LEFT 6-->
				<values name = "6" x ="0" y = "2304" w = "128" h = "128" frameNumber = "5" margin = "" pivot_x = "69" pivot_y = "80"/>
			</LEFT>

			<UP_LEFT> <!-- UP_LEFT 7-->
				<values name = "7" x ="0" y = "2432" w = "128" h = "128" frameNumber = "5" margin = "" pivot_x = "70" pivot_y = "80"/>
			</UP_LEFT>
					
			<loop value = "0" />

			<speed value = "0.15" />
		
		</GET_HIT>

	</PALADIN>

</animations>